<?xml version="1.0" encoding="utf-8" standalone="yes"?>
<rss version="2.0" xmlns:atom="http://www.w3.org/2005/Atom">
  <channel>
    <title>Topik on Yaya Laressa</title>
    <link>https://yaya.my.id/topik/</link>
    <description>Recent content in Topik on Yaya Laressa</description>
    <generator>Hugo -- gohugo.io</generator>
    <language>en-us</language>
    <copyright>2021 © Yaya Laressa. All Right Reserved.</copyright>
    <lastBuildDate>Thu, 29 Jul 2021 02:01:58 +0530</lastBuildDate><atom:link href="https://yaya.my.id/topik/index.xml" rel="self" type="application/rss+xml" />
    <item>
      <title>audio</title>
      <link>https://yaya.my.id/topik/audio/</link>
      <pubDate>Thu, 29 Jul 2021 02:01:58 +0530</pubDate>
      
      <guid>https://yaya.my.id/topik/audio/</guid>
      <description></description>
    </item>
    
    <item>
      <title>linux</title>
      <link>https://yaya.my.id/topik/linux/</link>
      <pubDate>Thu, 29 Jul 2021 02:01:58 +0530</pubDate>
      
      <guid>https://yaya.my.id/topik/linux/</guid>
      <description></description>
    </item>
    
    <item>
      <title>sound</title>
      <link>https://yaya.my.id/topik/sound/</link>
      <pubDate>Thu, 29 Jul 2021 02:01:58 +0530</pubDate>
      
      <guid>https://yaya.my.id/topik/sound/</guid>
      <description></description>
    </item>
    
    <item>
      <title>ubuntu</title>
      <link>https://yaya.my.id/topik/ubuntu/</link>
      <pubDate>Thu, 29 Jul 2021 02:01:58 +0530</pubDate>
      
      <guid>https://yaya.my.id/topik/ubuntu/</guid>
      <description></description>
    </item>
    
    <item>
      <title>recording</title>
      <link>https://yaya.my.id/topik/recording/</link>
      <pubDate>Thu, 13 May 2021 02:01:58 +0530</pubDate>
      
      <guid>https://yaya.my.id/topik/recording/</guid>
      <description></description>
    </item>
    
  </channel>
</rss>
